id,type,text1,text2,text3,text4,notes
planet_marko,CUSTOM,Marko was a penal colony before the Collapse. Its standards of living were moderate. As it was applying certain progressive rules if it came to how underperforming individuals of society were to be treated. This has created a fairly healthy environment for the colony to survive. In spite of complete havoc going around it. It lived long enough to come into contact with the XIV Battlegroup. And exists to this day as a safe haven in the middle of nowhere.,,"In spite of Marko's architecture being fully utilitarian. The planet has a certain charm to it. The population density is small. Every building is personalised, unlike for example the nightmare that is Volturn. Every individual is treated with some respect. As per a certain not necessarily universally enforced rule.

In short, the planet is unironically communist. There are no rich people, there is no poverty. There is just the military and the working class.",,
planet_gagner,CUSTOM,A quite loyal to Luddic doctrine in the past. Gagner's population was mostly wiped out at the beginning of the Collapse by a mysterious plague. The thing that came after is a bitter populace sceptical towards Gilead's shenanigans. Still officially part of the Luddic Church. The quasi-industrialised society of Gagner is menacing and threatening in nature.,,There are abandoned structures further away. Many of them in fact. They couldn't be necessarily a source of gains. As they weren't lost immediately. They're a product of time escaping away. Like a moon a planet's gravity. Of people trying to flee. Of people dying.,,
planet_denyza,CUSTOM,"Denyza was assimilated by the Luddic Church long after the Collapse. The population abandoned here had been almost feral. Fighting against vicious fauna of over-sized crocodiles and snakes that had escaped from a local country-sized zoo and bred like crazy. Luddic Church doctrine was preferable to extinction. But in spite of being fully loyal to Gilead. Denyza's ""government"" is vivid and confusing. Making Luddic Church quite bewildered every time they have to interact with it.",,"The most beautiful thing about Denyza, beyond its comfortable climate, are the stone castles built on hills of a place called the Night Parish. Some Domain bourgeoisie had them made as extremely extravagant homes for themselves. From which they watched the apocalypse unfold. In shock and awe.",,
planet_maronia,CUSTOM,"Certain corporations unrelated to Tri-Tachyon do enjoy being influential around the Persean Sector. Establishing their own puppet entities that interact with the politics of major Core World factions. But sometimes this greed, this hunger, this need to be itself emerges as something more direct.",,The surface of Maronia is covered in tall skyscrapers. Not civilian but highly durable often possessive of a large shield generator buildings that serve as defensive structures. Their top levels have great views of the industrial conglomerates that operate below.,,
planet_gangregis_khan,CUSTOM,"Gangregis Khan is a fire giant. A hot Jupiter. Planets like these are less of a thing that operate on hydrogen and helium. And more of furious liquid metal. Well, gaseous. Living here is hell. I would say literally. But there are no demons here. Just death.",,Gangregis Khan spun intensely. With winds trying to catch up. The star stared. The heat was idiotic. Vicious. Defying. Things passed and moved. Died. And gave birth. But no. No life here. Infinity.,,
planet_gumbat,CUSTOM,Gumbat is a shrouded in secrecy military colony owned by Tri-Tachyon. A secondary to Culann. The complicated machinery present here served an important role in the development of AI technology after the Collapse.,,"The position of Gumbat made it a highly inconvenient target during the AI Wars. Protecting most of its infrastructure and population from the consequences of convoluted attacks executed by highly competent back in the day Hegemony command.

This is expressed in aged cities floating in the wonderous clouds of the planet. Their texture and neoclassical nature remniscent of Venice of old Earth.",,
planet_vaanita,CUSTOM,"Vaanita was formed by a mathematician named Vanshilar, who after accidentally offending the Gilead authority fled to create a haven for himself and other like-minded individuals. A few death fleets were sent to pacify the hidden location. Never being able to locate core population centres. Eventually the politics of Gilead shifted. Letting Vaanita exist more openly.",,The vacuum-adapted domes were built in the almost green shine of the red dwarf. The solar energy received is quite minimal. But enough to form a cohesive existence with proper precautions. The planning was extensive when the colony was being built. Limited capital and manpower forced solutions that most would consider highly impractical. Ridiculous. But they were made to work. In one way or another.,,
planet_yendore,CUSTOM,Yendore is ruled by a powerful regime that is by all standards terrifying. The desert planet is horified with sandstorms. Heat. Almost completely devoid of lifeforms.,,"The cities of Yendore are quite eccentric. White, only white. Like that of what the old Earth imagined ancient Rome to be. Before the fact that they indeed used paint reached the common denominator.

The place that Yendore is is that of attrocity. Slavery was once a thing that occurred here. In fact there used to be far more people occupying this space. Before they were utilised for the building of a greater society. A fascist doctrine took over. Wiped out ethinic minorities. Then that doctrine was deemed excessive. Regrettable. And turned over. Now the place is ruled by a queen. A transexual woman who is being funded by the government of Kazeron to bring forth peace and order to a world that only knows hate and destruction.",,
planet_arbakan,CUSTOM,Arbakan is a colony that predates the existence of Yendore. Its populace was partially wiped out by Yendore's grandiose aspirations. Leaving behind a spectre of the past more than anything.,,"Embedded in snowy fields, the tectonic activity of the incredibly heavy world causes water to emerge from below. Proof of life as some would call it, is out there. But who would have the funds to go and check? None, of course none. In the past however there were many. But they are all gone now. Forever.",,
,,,,,,
planet_bourbon,CUSTOM,Bourbon existed as once a somewhat meaningful colony before the Collapse. But rapid mutation of local fauna caused by it crossbreeding with native biosphere has created extremely dangerous microorganisms that easily wiped out first settlers. Leaving behind ruins that were eventually cleaned up when proper countermeasures were developed.,,"The whales of Bourbon are known to have human faces. The trees that grow here are thick and black, tall and curving to survive terrifying winds that although not as lethal as that of Chalcedon. Are still quite dangerous. The climate is unpredictable. Sudden coldness gives way to obnoxious heat waves. Some say that is far more similar to the climate of old Earth than what Gilead stands to be.",,
planet_boboon,CUSTOM,Boboon was established as a sister colony meant to eventually form an economic powerhouse that would manufacture meaningful high tech goods. But that plan never came to fruition.,,The settlements of Boboon are buried deep. Some of them existing in stagnated lava channels that provide protection from radiation without the need for digging operations.,,
station_onion_ring,CUSTOM,Derakh Sanctuary was once a meaningful place of worship. But grew apart from the whole of CGR due to differences in philosophy. The leader was eventually found dead by suicide. And the local group abandoned the station to live on other non-Luddic Church planets.,,,,
,,,,,,
planet_null,CUSTOM,Null is a colony established shortly before the Collapse. Powerful machinery dug underground chambers that serve as population centres of a rapidly growing outpost. It was intended to become an exotic economic centre of some extension to the Core Worlds.,,The cold bitter sandstorms of Null form an annoying presence from time to time. Dispelling the lonely climate of reflection occurring on this planet. The surface infrastructure is sporadic. The planet appears decrepit at first glance.,,
planet_fameless,CUSTOM,Fameless had been a luxurious resort built on the freezing cold dunes of carbohydrates. The greenery here offers a unique taste. Unfound anywhere. The soil has exploitable qualities. The technology applied is very interesting. Illogical even. The planet was eventually bought out by the Sindrian Diktat to commit into scientific inquiry.,,The people who live on Fameless are elevated by the doctrine of Andrada. They had been moved here knowing that they must not steer away from the Lion's mission. The facilities nonetheless are aesthetically pleasing to look at. They have inhereted some of the charm of the previous establishments. Black and yet organised into collumns and eloquent ceilings. Like Rome built from obsidian.,,
