{
	"starSystem":"abin_cresc",
	"markets":[
		{
			"entities":["denyza"],
			"faction":"luddic_church",
			"size":5,
			"startingConditions":[
				"luddic_majority",
				"population_5",
				"farmland_rich",
				"ore_moderate",
				"organics_trace",
				"extreme_weather",
				"habitable",
			],
			"industries":[
				"population",
				"spaceport",
				"farming",
				"commerce",
				"heavybatteries",
				"militarybase",
				#"patrolhq",
			],
		},
		{
			"entities":["maronia"],
			"faction":"independent",
			"size":3,
			"startingConditions":[
				"decivilized_subpop",
				"population_3",
				"ruins_extensive",
				"ore_moderate",
				"no_atmosphere",
			],
			"industries":[
				"population",
				"spaceport",
				#"techmining",
				"grounddefenses",
			],
		},
		],
}



