{
	"starSystem":"cappuccino",
	"markets":[
		{
			"entities":["gumbat", "gumball_station"],
			"faction":"tritachyon",
			"size":5,
			"freePort":true,
			"startingConditions":[
				"population_5",
				"rare_ore_moderate",
				"ore_moderate",
				"dense_atmosphere",
			],
			"industries":[
				"population",
				"spaceport",
				"mining",
				"refining",
				"grounddefenses",
				"orbitalstation",
				"militarybase",
			],
		},
		#{
		#	"entities":["grabuz"],
		#	"faction":"pirates",
		#	"size":3,
		#	"freePort":true,
		#	"startingConditions":[
		#		"population_3",
		#		"volatiles_abundant",
		#		"poor_light",
		#		"dense_atmosphere",
		#		"very_cold",
		#		"high_gravity",
		#	],
		#	"industries":[
		#		"population",
		#		"spaceport",
		#		"mining",
		#		"grounddefenses",
		#	],
		#},
	],
}