{
	"starSystem":"no_bono",
	"markets":[
		{
			"entities":["planet_null"],
			"faction":"persean",
			"size":3,
			#"freePort":true,
			"startingConditions":[
				"population_3",
				"rare_ore_ultrarich",
				"ore_abundant",
				"high_gravity",
				"habitable",
			],
			"industries":[
				"population",
				"spaceport",
				"mining",
				#"grounddefenses",
			],
		},
		{
			"entities":["fameless"],
			"faction":"sindrian_diktat",
			"size":4,
			"freePort":true,
			"startingConditions":[
				"population_4",
				"rare_ore_sparse",
				"organics_common",
				"dense_atmosphere",
				"cold",
			],
			"industries":[
				"population",
				"spaceport",
				"mining",
				"lightindustry",
				"grounddefenses",
				#"militarybase",
				"patrolhq", #to assure vanilla compatibility
			],
		},
	],
}