id,group,rank,order,hazard,reqSurvey,xpMult,requiresAll,requiresAny,requiresNotAny,cat_giant,cat_barren,rocky_unstable,rocky_metallic,rocky_ice,cat_hab1,cat_lava,lava_minor,cat_frozen,cat_cryovolcanic,cat_irradiated,cat_toxic,toxic_cold,cat_hab5,cat_hab4,cat_hab3,terran-eccentric,jungle,water,arid,tundra,cat_hab2,multipliers >>>,tectonic_activity,extreme_tectonic_activity,low_gravity,high_gravity,hot,very_hot,cold,very_cold,dense_atmosphere,toxic_atmosphere,water_surface,mild_climate,extreme_weather,poor_light,dark,inimical_biosphere,alien_life,pollution
habitable_no_pick,habitable,1,1,,,,,,,,,,,,10,,,,,,,,,,,,,,,,,,,,,2,,,,,,,,,,,,,,
habitable,habitable,1,1,,,,,,"very_hot, very_cold",,,,,,10,,,,,,,,1,1,1,,,1,,,1,,,,,,,,,,,,,,,,,,,
,,,,,,,,,,,,,,,,,,,,,,,,,,,,,,,,,,,,,,,,,,,,,,,,,,
irradiated,radiation,0,1,0.5,,,,,,,,,,,,,,,,1,,,,,,,,,,,,,,,,,,,,,,,,,,,,,,
,,,,,,,,,,,,,,,,,,,,,,,,,,,,,,,,,,,,,,,,,,,,,,,,,,
cold,cold,1,0,0.25,,,,,"hot, very_hot, unfair",,,,,,,,,,,,,,,,,0,,,,,,,,,,,,,,,,,,,,,,,,
very_cold,cold,2,0,0.5,,,,,"hot, very_hot, unfair",,,,,,,,,,,,,,,,,0,,,,,,,,,,,,,,,,,,,,,,,,
unfair,cold,3,0,,,,,,,,,,,,,,,,,,,,,,,1,,,,,,,,,,,,,,,,,,,,,,,,
,,,,,,,,,,,,,,,,,,,,,,,,,,,,,,,,,,,,,,,,,,,,,,,,,,
hot,hot,1,0,0.25,,,,,"cold, very_cold, unfair",,,,,,,,,,,,,,,,,,,,,,,,,,,,,,,,,,,,,,,,,
very_hot,hot,2,0,0.5,,,,,"cold, very_cold, unfair",,,,,,,1,,,,,,,,,,,,,,,,,,,,,,,,,,,,,,,,,,
,,,,,,,,,,,,,,,,,,,,,,,,,,,,,,,,,,,,,,,,,,,,,,,,,,
atmosphere_no_pick,atmosphere,0,1,,,,,,,,,,,,,10,,,,10,,,,,,,,,,,,,,,,,,,,,,,,,,,,,,
no_atmosphere,atmosphere,1,1,0.5,,,,,habitable,,1,0,,,,,,,,,,,,,,,,,,,,,,,,,,,,,,,,,,,,,,
thin_atmosphere,atmosphere,1,1,0.25,,,,,,,,10,,1,1,,,1,,,,,,,,,,,,,,,,,,,,,,,,,,,,,,,,
toxic_atmosphere,atmosphere,1,1,0.5,,,,,habitable,,,3,,,,3,,,,3,,,,,,,,,,,,,,,,,,,,,,,,,,,,,,
dense_atmosphere,atmosphere,1,1,0.5,,,,,habitable,1,,,,,,,,,,,1,,,,,,,,,,,,,,,,,,,,,,,,,,,,,
,,,,,,,,,,,,,,,,,,,,,,,,,,,,,,,,,,,,,,,,,,,,,,,,,,
tectonic_no_pick,tectonic,0,1,,,,,,,,,,,,,,,,,,10,10,10,10,10,,,0,,,,,,,,,,,,,,,,,,,,,,
tectonic_activity,tectonic,1,1,0.25,,,,,,,,10,,,,,1,,10,,3,3,3,3,3,,,0,,,,,,,,,,,,,,,,,,,,,,
extreme_tectonic_activity,tectonic,2,1,0.5,,,,,,,,3,,,,1,0,,3,,,,,,,,,,,,,,,,,,,,,,,,,,,,,,,
,,,,,,,,,,,,,,,,,,,,,,,,,,,,,,,,,,,,,,,,,,,,,,,,,,
weather_no_pick,weather,0,2,,,,,,,,,,,,,10,,,10,10,,,10,10,10,,,,,,10,,,,,,,,,,,,,,,,,,,
extreme_weather,weather,1,2,0.25,,,,,"no_atmosphere, thin_atmosphere",,,,,,,3,,,3,3,,,3,3,3,,,,,,3,,,,,,2,4,2,4,,,,,,,0,,,
mild_climate,weather,1,2,,,,,,"no_atmosphere, thin_atmosphere",,,,,,,,,,,,,,1,1,1,,,,,,,,,,,,,,,,,,,,,,,,,
,,,,,,,,,,,,,,,,,,,,,,,,,,,,,,,,,,,,,,,,,,,,,,,,,,
ore_no_pick,ore,0,5,,,,,,,,,,,,,,,100,100,,,,,,,,,100,,,,,,,,,,,,,,,,,,,,,,
ore_sparse,ore,1,5,,TRUE,1,,,,,4,,,,4,,,10,10,4,4,4,4,4,4,,,10,,,4,,,1,,1,,,,,,1,,,,,,,,
ore_moderate,ore,2,5,,TRUE,2,,,,,10,,10,,10,10,,1,1,10,10,10,10,10,10,,,1,,,20,,,2,0.75,2,,,,,,2,,,,,,,,
ore_abundant,ore,3,5,,TRUE,4,,,,,5,,30,,5,30,,,,5,5,5,5,5,5,,,0,,,10,,,3,0.5,3,,,,,,3,,,,,,,,
ore_rich,ore,4,5,,TRUE,8,,"extreme_tectonic_activity, high_gravity, irradiated",,,2,,20,,2,20,,,,2,2,2,2,2,2,,,0,,,2,,,4,0.25,4,,,,,,4,,,,,,,,
ore_ultrarich,ore,5,5,,TRUE,16,,"extreme_tectonic_activity, high_gravity, irradiated",,,1,,10,,1,10,,,,1,1,1,1,1,1,,,,,,1,,,5,0.1,5,,,,,,5,,,,,,,,
,,,,,,,,,,,,,,,,,,,,,,,,,,,,,,,,,,,,,,,,,,,,,,,,,,
rare_ore_no_pick,rare_ore,0,6,,,,,,,,100,,10,,100,10,,200,200,100,100,100,100,100,100,,,200,,,50,,,,,,,,,,,,,,,,,,,
rare_ore_sparse,rare_ore,1,6,,TRUE,2,,,,,10,,10,,10,10,,10,10,10,10,10,10,10,10,,,10,,,10,,,1,,1,,,,,,1,,,,,,,,
rare_ore_moderate,rare_ore,2,6,,TRUE,4,,,,,5,,10,,5,10,,1,1,5,5,5,5,5,5,,,1,,,5,,,2,0.75,2,,,,,,2,,,,,,,,
rare_ore_abundant,rare_ore,3,6,,TRUE,8,,,,,5,,30,,5,30,,,,5,5,5,5,5,5,,,0,,,5,,,3,0.5,3,,,,,,3,,,,,,,,
rare_ore_rich,rare_ore,4,6,,TRUE,16,,"extreme_tectonic_activity, high_gravity, irradiated",,,2,,20,,2,20,,,,2,2,2,2,2,2,,,0,,,2,,,4,0.25,4,,,,,,4,,,,,,,,
rare_ore_ultrarich,rare_ore,5,6,,TRUE,32,,"extreme_tectonic_activity, high_gravity, irradiated",,,1,,10,,1,10,,,,1,1,1,1,1,1,,,,,,1,,,5,0.1,5,,,,,,5,,,,,,,,
,,,,,,,,,,,,,,,,,,,,,,,,,,,,,,,,,,,,,,,,,,,,,,,,,,
organics_no_pick,organics,0,5,,,,,,,100,100,,0,,50,50,,,,50,,,,,,,,,,,50,,,,,,,,,,,,,,,,,,0,
organics_trace,organics,1,5,,TRUE,2,,,,10,10,,0,,10,10,,10,10,10,10,,10,10,10,,,,,,10,,,1,0.75,1,,,,,1,1,,,,,,1,2,
organics_common,organics,2,5,,TRUE,4,,,,1,1,,0,,10,10,,20,20,10,20,,20,20,20,,,,,,10,,,2,0.5,2,,,,,2,2,,,,,,2,3,
organics_abundant,organics,4,5,,TRUE,8,,,,,,,,,5,5,,10,10,5,10,,10,10,10,,,,,,5,,,3,0.25,3,,,,,3,3,,,,,,3,4,
organics_plentiful,organics,5,5,,TRUE,16,,"high_gravity, dense_atmosphere, toxic_atmosphere, alien_life",,,,,,,1,1,,5,5,1,5,,5,5,5,,,,,,1,,,4,0.1,4,,,,,4,4,,,,,,4,5,
,,,,,,,,,,,,,,,,,,,,,,,,,,,,,,,,,,,,,,,,,,,,,,,,,,
volatiles_no_pick,volatiles,0,5,,,,,,,,100,,0,,100,100,,,,100,100,,100,100,100,,,0,,,100,,,,,,,,,,0,,,,,,,,,
volatiles_trace,volatiles,1,5,,TRUE,3,,,,10,10,,0,,10,10,,10,10,10,10,,10,10,10,,,10,,,10,,,,0.75,1,,,,,2,,,,,,,,,
volatiles_diffuse,volatiles,2,5,,TRUE,6,,,,20,1,,0,,1,1,,20,20,1,1,,1,1,1,,,20,,,1,,,,0.5,2,,,,,3,,,,,,,,,
volatiles_abundant,volatiles,4,5,,TRUE,12,,,,10,,,,,,,,10,10,,,,,,,,,10,,,,,,,0.25,3,,,,,4,,,,,,,,,
volatiles_plentiful,volatiles,5,5,,TRUE,24,,"high_gravity, dense_atmosphere, water_surface",,5,,,,,,,,5,5,,,,,,,,,5,,,,,,,0.1,4,,,,,5,,,,,,,,,
,,,,,,,,,,,,,,,,,,,,,,,,,,,,,,,,,,,,,,,,,,,,,,,,,,
farmland_no_pick,farmland,0,30,,,,,,,,,,,,100,,,,,,,,,,,,,,,,100,,,,2,2,5,,5,,,,,,5,5,,4,5,
farmland_poor,farmland,1,30,,TRUE,2,,"habitable, toxic_atmosphere",,,,,,,10,,,,,,,,,,10,,,0,20,20,10,,2,,2,2,4,0,4,0,,,,2,4,4,,3,4,
farmland_adequate,farmland,2,30,,TRUE,4,,"habitable, toxic_atmosphere",,,,,,,1,,,,,,,,20,20,20,,,0,10,10,1,,3,,,,3,0,3,0,,,,3,3,3,,2,3,
farmland_rich,farmland,4,30,,TRUE,8,,"habitable, toxic_atmosphere",,,,,,,,,,,,,,,30,30,30,,,0,5,5,,,4,,,,2,0,2,0,,,,4,2,2,,1,2,
farmland_bountiful,farmland,5,30,,TRUE,16,,"habitable, toxic_atmosphere",,,,,,,,,,,,,,,20,20,10,,,0,0,0,,,5,,,,,0,,0,,,,5,,,,,,
,,,,,,,,,,,,,,,,,,,,,,,,,,,,,,,,,,,,,,,,,,,,,,,,,,
ruins_no_pick,ruins,0,10,,,,,,,500,1000,,,,100,1000,,100,100,1000,100,,10,10,10,,,100,,,100,,4,5,,,4,5,4,5,,,,,4,4,5,4,5,
ruins_scattered,ruins,1,10,,TRUE,4,,,,10,10,,,,10,10,,10,10,10,10,,10,10,10,,,,,,10,,3,4,,,3,4,3,4,,,,2,3,3,4,3,4,
ruins_widespread,ruins,2,10,,TRUE,8,,,,20,20,,,,20,20,,20,20,20,20,,20,20,20,,,,,,20,,2,3,,,2,3,2,3,,,,3,2,2,3,2,3,
ruins_extensive,ruins,4,10,,TRUE,16,,,,10,10,,,,10,10,,10,10,10,10,,10,10,10,,,,,,10,,1,2,,,1,2,1,2,,,,4,1,1,2,1,2,
ruins_vast,ruins,5,10,,TRUE,32,,,,5,5,,,,5,5,,5,5,5,5,,5,5,5,,,,,,5,,,,,,,,,,,,,5,,,,,,
,,,,,,,,,,,,,,,,,,,,,,,,,,,,,,,,,,,,,,,,,,,,,,,,,,
decivilized_no_pick,decivilized,0,12,,,,,,,500,1000,,,,100,1000,,100,100,1000,100,,10,10,10,,,100,,,100,,,,2,2,,,,,,,,,,,,2,4,
decivilized,decivilized,1,12,,,,,"ruins_scattered, ruins_widespread, ruins_extensive, ruins_vast",,10,10,,,,10,10,,10,10,10,10,,10,10,10,,,10,,,10,,,,,,,,,,,,,,,,,,,
decivilized_subpop,decivilized,2,12,,,,,,,,,,,,,,,,,,,,,,,,,,,,,,,,,,,,,,,,,,,,,,,
,,,,,,,,,,,,,,,,,,,,,,,,,,,,,,,,,,,,,,,,,,,,,,,,,,
biosphere_no_pick,biosphere,,2,,,,,,,500,1000,,,,100,1000,,100,100,1000,100,,10,10,10,,0,100,,,100,,,,,,,,,,,,,,,,,,,
inimical_biosphere,biosphere,,2,0.25,TRUE,,,,,3,1,,,,3,1,,3,3,1,3,,3,3,3,,,3,,,3,,,,,,,,,,,,,,,,,,,
alien_life,biosphere,,2,0.5,TRUE,,,,"very_hot, very_cold",1,,,,,1,,,1,1,,1,,1,1,1,,,1,,,1,,,,,,,,,,,,,,,,,,,