{
	"starSystem":"bzabzen",
	"markets":[
		{
			"entities":["bourbon"],
			"faction":"persean",
			"size":4,
			#"freePort":true,
			"startingConditions":[
				"population_4",
				#"luddic_majority",
				"farmland_adequate",
				"ore_abundant",
				"organics_common",
				"habitable",
				"tectonic_activity",
			],
			"industries":[
				"population",
				"spaceport",
				"farming",
				#"lightindustry",
				#"battlestation_mid",
				"orbitalstation_mid",
				#"heavybatteries",
				"grounddefenses",
				"patrolhq",
			],
		},
	],
}



