id,trigger,conditions,script,text,options,notes
flavorTextMarketGagner,TradePanelFlavorText,"$global.tradePanelMode == MARKET
$faction.id == luddic_church
$market.id == gagner score:100","AddText ""Internal structure of an enormous arcology painted green, black and yellow. Shined upon by a brown dwarf, barely visible in the sky. A dim dot. Its heat immense in comparison to the void of space. But like nothing to a face that basked in the beauty of Eos' primary. Monks wearing jeans and shirts overlooked sprawling metallic halls. Soldiers carrying ballistic carbines watched you with fearful eyes."" marketFlavorTextColor",,,
flavorTextMarketDenyza,TradePanelFlavorText,"$global.tradePanelMode == MARKET
$faction.id == luddic_church
$market.id == denyza score:100","AddText ""Swarms of tents rest by the salty sea called Chomaria. The sunset created gives pinkish light to the people around you. Some with enormous jury-rigged carbines. Their wear colourful. Their accents strange. Their moustaches long."" marketFlavorTextColor",,,
flavorTextMarketMarko,TradePanelFlavorText,"$global.tradePanelMode == MARKET
$faction.id == hegemony
$market.id == marko score:100","AddText ""The Hegemony's phoenix is replaced with a whale. A different symbol of the Domain. An older one. Or that of a different facet of its existence. One that wasn't necessarily known. Enclosed boats powered by nuclear energy or antimatter fuel are about. Wind turbines in the far away spin."" marketFlavorTextColor",,,
flavorTextMarketGumbat,TradePanelFlavorText,"$global.tradePanelMode == MARKET
$faction.id == tritachyon
$market.id == gumbat score:100","AddText ""There is a certain odd colour scheme. The Tri-Tachyon's logo is grey. Not blue. Silver. Almost. But the sign you were passing was dirty. Covered in dust. Untouched by a vacuum cleaner for months. The halls continued, until reaching an attachement that lit up with purple and green lights. Flora erupts from tall extensions. The white clouds exist below as an image from the most beautiful of dreams. Or most evil of nightmares."" marketFlavorTextColor",,,
flavorTextMarketYendore,TradePanelFlavorText,"$global.tradePanelMode == MARKET
$faction.id == persean
$market.id == yendore score:100","AddText ""The image of the queen looks at you with some unfeeling hatred. Her eyes covered by a silver mask. A long neck on which rested the head of a figure that tried to emanate innocence in their attire. Ships of the Persean League operate in low orbit. Painted blue by the dry albeit still containing water atmosphere."" marketFlavorTextColor",,,
,,,,,,
#flavorTextMarketBourbon,TradePanelFlavorText,"$global.tradePanelMode == MARKET
$faction.id == persean
$market.id == bourbon score:100","AddText ""The symbol of the Persean League was quite prevalent. But more than that there was another one. That of the old colony which used to be here before being completely removed from existence. A bird. Not a phoenix. A penguin. Wearing a pirate hat."" marketFlavorTextColor

AddText ""The main market was a significant hall. Inside of it was parked a singular Conquest, it was a giant trade centre. All the weapons and heavy machinery was taken out and sold. Leaving space for extravagant internal design. The large windows revealed ominous trees growing against the structure. Peeking inside with seemingly malicious intent."" marketFlavorTextColor",,,
#flavorTextMarketBoboon,TradePanelFlavorText,"$global.tradePanelMode == MARKET
$faction.id == persean
$market.id == boboon score:100","AddText ""The symbol of the Persean League was quite prevalent. But more than that there was another one. That of the old colony which used to be here before being completely removed from existence. A bird. Not a phoenix. A penguin. Wearing a pirate hat."" marketFlavorTextColor

AddText ""The structures built within the lava channels were black like onyx. But on the inside they were as grey as bland living blocks of the most humble dwellers. That however was deceiving. The wealth lied somewhere deeper. Buried. Where specifically, that was kept a secret. Or perhaps it is merely a myth."" marketFlavorTextColor",,,
,,,,,,
flavorTextMarketFameless,TradePanelFlavorText,"$global.tradePanelMode == MARKET
$faction.id == sindrian_diktat
$market.id == fameless score:100","AddText ""The distant Sindrian Diktat outpost shines bitterly with its presence against lakes of black liquid. It forms pauses to the sands that went on and on in all directions. Cold and unfeeling."" marketFlavorTextColor",,,