id,group,rank,order,hazard,reqSurvey,xpMult,requiresAll,requiresAny,requiresNotAny,cat_giant,fire_giant,cat_barren,rocky_unstable,rocky_metallic,rocky_ice,cat_hab1,cat_lava,lava_minor,cat_frozen,cat_cryovolcanic,cat_irradiated,cat_toxic,toxic_cold,cat_hab5,cat_hab4,cat_hab3,terran-eccentric,jungle,water,arid,tundra,cat_hab2,multipliers >>>,tectonic_activity,extreme_tectonic_activity,meteor_impacts,low_gravity,high_gravity,hot,very_hot,cold,very_cold,dense_atmosphere,toxic_atmosphere,water_surface,mild_climate,extreme_weather,poor_light,dark,inimical_biosphere,pollution
habitable_no_pick,habitable,1,2,,,,,,,,,,,,,,,,,,,,,,,,,,,,,,,,,,,,,,,,,,,,,,,,
habitable,habitable,1,2,,,,,,"very_hot, very_cold, no_atmosphere, toxic_atmosphere, dense_atmosphere",,,,,,,,,,,,,,,1,1,1,,,1,,,1,,,,,,2,,,,,,,,,,,,,
,,,,,,,,,,,,,,,,,,,,,,,,,,,,,,,,,,,,,,,,,,,,,,,,,,,
irradiated,radiation,0,1,0.5,,,,,,,,,,,,,,,,,1,,,,,,,,,,,,,,,,,,,,,,,,,,,,,,
,,,,,,,,,,,,,,,,,,,,,,,,,,,,,,,,,,,,,,,,,,,,,,,,,,,
cold,cold,1,0,0.25,,,,,"hot, very_hot, unfair",,,,,,,,,,,,,,,,,,,,,,1,,,,,,,,,,,,,,,,,,,,
very_cold,cold,2,0,0.5,,,,,"hot, very_hot, unfair",,,,,,,,,,,,,,,,,,,,,,,,,,,,,,,,,,,,,,,,,,
#unfair,cold,0,0,,,,,,,,,,,,,,,,,,,,,,,,,,,,,,,,,,,,,,,,,,,,,,,,
,,,,,,,,,,,,,,,,,,,,,,,,,,,,,,,,,,,,,,,,,,,,,,,,,,,
low_gravity,gravity,0,1,0.25,,,,,,,,,,,,,,,,,,,,,,,,,,,,,,,,,,,,,,,,,,,,,,,
high_gravity,gravity,1,1,0.5,,,,,,,,,,,,,,,,,,,,,,,,,,,,,,,,,,,,,,,,,,,,,,,
,,,,,,,,,,,,,,,,,,,,,,,,,,,,,,,,,,,,,,,,,,,,,,,,,,,
hot,hot,1,0,0.25,,,,,"cold, very_cold, unfair",,,,,,,,,1,,,,,,,,,,,,,,,,,,,,,,,,,,,,,,,,,
very_hot,hot,2,0,0.5,,,,,"cold, very_cold, unfair",,,,,,,,1,0,,,,,,,,,,,,,,,,,,,,,,,,,,,,,,,,,
,,,,,,,,,,,,,,,,,,,,,,,,,,,,,,,,,,,,,,,,,,,,,,,,,,,
water_surface,surface,,1,0.25,,,,,,,,,,,,,,,,,,,,,,,,,1,,,,,,,,,,,,,,,,,,,,,,
,,,,,,,,,,,,,,,,,,,,,,,,,,,,,,,,,,,,,,,,,,,,,,,,,,,
atmosphere_no_pick,atmosphere,0,1,,,,,,,,,,,,,,20,,,,20,,,,,,,,,,,,,,,,,,,,,,,,,,,,,,
no_atmosphere,atmosphere,1,1,0.5,,,,,,,,1,0,,0,,,,,,,,,,,,,,,,,,,,,,,0.25,,,,,,,,,,,,,
thin_atmosphere,atmosphere,1,1,0.25,,,,,,,,,20,,1,1,,,1,,,,,,,,,,,,,,,,,,,,,,,,,,,,,,,,
toxic_atmosphere,atmosphere,1,1,0.5,,,,,,,,,3,,,,3,,,,3,,,,,,,,,,,,,,,,,,,,,,,,,,,,,,
dense_atmosphere,atmosphere,1,1,0.5,,,,,,1,,,,,,,,,,,,1,,,,,,,,,,,,,,,,,,,,,,,,,,,,,
,,,,,,,,,,,,,,,,,,,,,,,,,,,,,,,,,,,,,,,,,,,,,,,,,,,
tectonic_no_pick,tectonic,0,1,,,,,,,,,,,,,,,,,,,10,,10,10,10,,,0,,,,,,,,,,,,,,,,,,,,,,
tectonic_activity,tectonic,1,1,0.25,,,,,,,,,20,,,,,1,,10,,3,,3,3,3,,,0,,,,,,,,,10,,,,,,,,,,,,,
extreme_tectonic_activity,tectonic,2,1,0.5,,,,,,,,,3,,,,1,0,,3,,,,,,,,,,,,,,,,,,100,,,,,,,,,,,,,
,,,,,,,,,,,,,,,,,,,,,,,,,,,,,,,,,,,,,,,,,,,,,,,,,,,
weather_no_pick,weather,0,2,,,,,,,20,,,,,,,10,,,10,10,10,,10,10,10,,,,,,10,,,,,,,,,,,,,,,,,,,
extreme_weather,weather,1,2,0.25,,,,,,3,,,,,,,3,,,3,3,3,,3,3,3,,,,,,3,,,,,,,2,4,2,4,,,,,,2,0,,
mild_climate,weather,1,2,,,,,,,,,,,,,,,,,,,,,1,1,1,,,,,,,,,,,,,,,,,,,,,,,,,
,,,,,,,,,,,,,,,,,,,,,,,,,,,,,,,,,,,,,,,,,,,,,,,,,,,
ore_no_pick,ore,0,5,,,,,,,,,,,0,,,,,100,100,,,,,,,,,100,,,,,,,,,0,,,,,,,,,,,,,
ore_sparse,ore,1,5,,TRUE,1,,,,,,4,,0,,4,,,10,10,4,4,,4,4,4,,,10,,,4,,,1,1,0.75,1,,,,,,,,,,,,,
ore_moderate,ore,2,5,,TRUE,2,,,,,10,10,,20,,10,10,,1,1,10,10,,10,10,10,,,1,,,20,,,2,2,0.5,3,,,,,,,,,,,,,
ore_abundant,ore,3,5,,TRUE,4,,,,,30,5,,30,,5,30,,,,5,5,,5,5,5,,,0,,,10,,,3,3,0.25,5,,,,,,,,,,,,,
ore_rich,ore,4,5,,TRUE,8,,"extreme_tectonic_activity, high_gravity",,,20,2,,20,,2,20,,,,2,2,,2,2,2,,,0,,,2,,,4,4,0.25,7,,,,,,,,,,,,,
ore_ultrarich,ore,5,5,,TRUE,16,,"extreme_tectonic_activity, high_gravity",,,10,1,,10,,1,10,,,,1,1,,1,1,1,,,,,,1,,,5,5,0.05,10,,,,,,,,,,,,,
,,,,,,,,,,,,,,,,,,,,,,,,,,,,,,,,,,,,,,,,,,,,,,,,,,,
rare_ore_no_pick,rare_ore,0,6,,,,,,,,10,100,,20,,100,10,,200,200,100,100,,100,100,100,,,200,,,100,,,,,,0,,,,,,,,,,,,,
rare_ore_sparse,rare_ore,1,6,,TRUE,2,,,,,10,10,,10,,10,10,,10,10,10,10,,10,10,10,,,10,,,10,,,1,1,0.75,1,,,,,,,,,,,,,
rare_ore_moderate,rare_ore,2,6,,TRUE,4,,,,,10,5,,10,,5,10,,1,1,5,5,,5,5,5,,,1,,,5,,,2,2,0.5,3,,,,,,,,,,,,,
rare_ore_abundant,rare_ore,3,6,,TRUE,8,,,,,30,5,,30,,5,30,,,,5,5,,5,5,5,,,0,,,5,,,3,3,0.25,5,,,,,,,,,,,,,
rare_ore_rich,rare_ore,4,6,,TRUE,16,,"extreme_tectonic_activity, high_gravity",,,20,2,,20,,2,20,,,,2,2,,2,2,2,,,0,,,2,,,4,4,0.25,7,,,,,,,,,,,,,
rare_ore_ultrarich,rare_ore,5,6,,TRUE,32,,"extreme_tectonic_activity, high_gravity",,,10,1,,10,,1,10,,,,1,1,,1,1,1,,,,,,1,,,5,5,0.05,10,,,,,,,,,,,,,
,,,,,,,,,,,,,,,,,,,,,,,,,,,,,,,,,,,,,,,,,,,,0,,,,,,,
organics_no_pick,organics,0,5,,,,,,,200,,200,,0,,100,100,,,,100,,,,,,,,,,,200,,,,,,,,,,,,1,,,,,,1,
organics_trace,organics,1,5,,TRUE,2,,,,10,,10,,0,,10,10,,10,10,10,10,,10,10,10,,,,,,10,,,,,,,,,,,,3,,,,,,2,
organics_common,organics,2,5,,TRUE,4,,,,1,,1,,0,,10,10,,20,20,10,20,,20,20,20,,,,,,10,,,,,,,,,,,,5,,,,,,3,
organics_abundant,organics,4,5,,TRUE,8,,,,,,,,,,5,5,,10,10,5,10,,10,10,10,,,,,,5,,,,,,,,,,,,7,,,,,,4,
organics_plentiful,organics,5,5,,TRUE,16,,"inimical_biosphere, toxic_atmosphere",,,,,,,,1,1,,5,5,1,5,,5,5,5,,,,,,1,,,,,,,,,,,,10,,,,,,5,
,,,,,,,,,,,,,,,,,,,,,,,,,,,,,,,,,,,,,,,,,,,,,,,,,,,
volatiles_no_pick,volatiles,0,5,,,,,,no_atmosphere,,100,200,,0,,200,200,,100,100,100,100,,200,200,200,,,100,,,200,,,,,,,,,,,,,,,,,,,
volatiles_trace,volatiles,1,5,,TRUE,3,,,no_atmosphere,10,10,10,,0,,10,10,,10,10,10,10,,10,10,10,,,10,,,10,,,,,,,,,,,,,,,,,,,
volatiles_diffuse,volatiles,2,5,,TRUE,6,,,no_atmosphere,20,10,1,,0,,1,1,,10,10,1,1,,1,1,1,,,10,,,1,,,,,,,,,,,,,,,,,,,
volatiles_abundant,volatiles,4,5,,TRUE,12,,,no_atmosphere,10,5,,,,,,,,5,5,,,,,,,,,5,,,,,,,,,,,,,,,,,,,,,,
volatiles_plentiful,volatiles,5,5,,TRUE,24,,high_gravity,no_atmosphere,5,1,,,,,,,,1,1,,,,,,,,,1,,,,,,,,,,,,,,,,,,,,,,
,,,,,,,,,,,,,,,,,,,,,,,,,,,,,,,,,,,,,,,,,,,,,,,,,,,
farmland_no_pick,farmland,0,30,,,,,,,,,,,,,,,,,,,,,,,,,,,,,100,,,,,2,2,,,,,,,,,5,5,,5,5
farmland_poor,farmland,1,30,,TRUE,2,,,,,,,,,,,,,,,,,,,,100,,,0,100,100,10,,,,,2,2,,,,,,,,2,4,4,,4,4
farmland_adequate,farmland,2,30,,TRUE,4,,,,,,,,,,,,,,,,,,100,100,10,,,0,10,10,1,,,,,,,,,,,,,,3,3,3,,3,3
farmland_rich,farmland,4,30,,TRUE,8,,,,,,,,,,,,,,,,,,30,30,5,,,0,5,5,,,,,,,,,,,,,,,4,2,2,,2,2
farmland_bountiful,farmland,5,30,,TRUE,16,,,,,,,,,,,,,,,,,,20,20,0,,,0,0,0,,,,,,,,,,,,,,,5,,,,,
,,,,,,,,,,,,,,,,,,,,,,,,,,,,,,,,,,,,,,,,,,,,,,,,,,,
ruins_no_pick,ruins,0,10,,,,,,,1000,,200,,,,200,2000,1000,200,200,2000,1000,,20,20,100,,,100,,,100,,2,4,,2,4,2,4,2,4,,,,,2,2,4,2,
ruins_scattered,ruins,1,10,,TRUE,4,,,,10,,10,,,,10,10,,10,10,10,10,,10,10,10,,,,,,10,,,,,,,,,,,,,,,,,,,
ruins_widespread,ruins,2,10,,TRUE,8,,,,5,,5,,,,5,5,,5,5,5,5,,5,5,5,,,,,,5,,,,,,,,,,,,,,,,,,,
ruins_extensive,ruins,4,10,,TRUE,16,,,,2,,2,,,,2,2,,2,2,2,2,,2,2,2,,,,,,2,,,,,,,,,,,,,,,,,,,
ruins_vast,ruins,5,10,,TRUE,32,,,,1,,1,,,,1,1,,1,1,1,1,,1,1,1,,,,,,1,,,,,,,,,,,,,,,,,,,
,,,,,,,,,,,,,,,,,,,,,,,,,,,,,,,,,,,,,,,,,,,,,,,,,,,
pollution_no_pick,pollution,0,20,,,,,,,,,,,,10,10,,10,10,10,,,,100,5,5,,,,,,5,,,,,,,,,,,,,,,,,,,
pollution,pollution,1,20,0.5,,,habitable,"ruins_scattered, ruins_widespread, ruins_extensive, ruins_vast",,,,,,,1,1,,1,1,1,,,,1,1,1,,,,,,1,,,,,,,,,,,,,,,,,,,
,,,,,,,,,,,,,,,,,,,,,,,,,,,,,,,,,,,,,,,,,,,,,,,,,,,
decivilized_no_pick,decivilized,0,12,,,,,,,500,,500,,,,100,1000,500,100,100,500,500,,10,10,50,,,100,,,50,,,,,,,,,,,,,,,,,,,
decivilized,decivilized,1,12,,,,,"ruins_scattered, ruins_widespread, ruins_extensive, ruins_vast",,10,,10,,,,10,10,,10,10,10,10,,10,10,10,,,10,,,10,,,,,,,,,,,,,,,,,,,
decivilized_subpop,decivilized,2,12,,,,,,,,,,,,,,,,,,,,,,,,,,,,,,,,,,,,,,,,,,,,,,,,
,,,,,,,,,,,,,,,,,,,,,,,,,,,,,,,,,,,,,,,,,,,,,,,,,,,
meteor_no_pick,meteor,0,2,,,,,,,,,100,,,,100,,,100,,,,,,,,,,,,,,,,,,,,,,,,,,,,,,,,
meteor_impacts,meteor,1,2,0.5,,,,"thin_atmosphere, no_atmosphere",,,,10,,,,10,,,10,,,,,,,,,,,,,,,,,,0.75,10,0.5,0.25,0.5,0.25,,,,,,,,,
,,,,,,,,,,,,,,,,,,,,,,,,,,,,,,,,,,,,,,,,,,,,,,,,,,,
biosphere_no_pick,biosphere,,2,,,,,,,500,,500,,,,100,1000,500,100,100,500,500,,10,10,50,,0,100,,,50,,,,,,,,,,,,,,,,,,,
inimical_biosphere,biosphere,,2,0.25,TRUE,,,,,3,,1,,,,3,1,,3,3,1,3,,3,3,3,,,3,,,3,,,,,,,,,,,,,,,,,,,
#alien_life,biosphere,,2,0.5,TRUE,,,,"very_hot, very_cold",1,,,,,,1,,,1,1,,1,,1,1,1,,,1,,,1,,,,,,,,,,,,,,,,,,,