{
	"self_exiled_label":{
		"defaultName":"The Self-Exiled", # used if name=null in addCustomEntity()
		"showInCampaign":false,
		"showIconOnMap":false,
		"showNameOnMap":true,
		"nameFont":"graphics/fonts/insignia25LTaa.fnt",
		"nameFontScale":1.05f,
		"nameAngle":-15,
		"nameColor":[255,224,234,90],
		"nameShadowColor":[0,0,0,75],
		"scaleNameWithZoom":true,
	},
	
	"injustice_label":{
		"defaultName":"Yendore's Domain", # original name was "Injustice something..." I forgot
		"showInCampaign":false,
		"showIconOnMap":false,
		"showNameOnMap":true,
		"nameFont":"graphics/fonts/insignia25LTaa.fnt",
		"nameFontScale":0.8f,
		"nameAngle":15,
		"nameColor":[245,234,164,90],
		"nameShadowColor":[0,0,0,75],
		"scaleNameWithZoom":true,
	},
	"oetaru_label":{
		"defaultName":"Oetaru \nCluster", # used if name=null in addCustomEntity()
		"showInCampaign":false,
		"showIconOnMap":false,
		"showNameOnMap":true,
		"nameFont":"graphics/fonts/insignia25LTaa.fnt",
		"nameFontScale":1,
		"nameAngle":0,
		"nameColor":[108,132,88,255],
		"nameShadowColor":[0,0,0,75],
		"scaleNameWithZoom":false,
	},
	"sleeping_tiger_label":{
		"defaultName":"Sleeping Tiger", # used if name=null in addCustomEntity()
		"showInCampaign":false,
		"showIconOnMap":false,
		"showNameOnMap":true,
		"nameFont":"graphics/fonts/insignia25LTaa.fnt",
		"nameFontScale":0.8,
		"nameAngle":12,
		"nameColor":[200,200,200,155],
		"nameShadowColor":[0,0,0,75],
		"scaleNameWithZoom":false,
	},
}


