{
	"starSystem":"abin_cresc",
	"markets":[
		{
			"entities":["denyza"],
			"faction":"luddic_church",
			"size":6,
			"startingConditions":[
				"luddic_majority",
				"population_6",
				"farmland_rich",
				"ore_moderate",
				"organics_trace",
				"extreme_weather",
				#"hot",
				"habitable",
			],
			"industries":[
				"population",
				"megaport",
				"farming",
				"commerce",
				"grounddefenses",
				"militarybase",
			],
		},
		{
			"entities":["maronia"],
			"faction":"independent",
			"freePort":true,
			"size":4,
			"startingConditions":[
				"decivilized_subpop",
				"population_4",
				"ruins_extensive",
				"ore_moderate",
				"no_atmosphere",
			],
			"industries":[
				"population",
				"spaceport",
				"techmining",
				"heavybatteries",
			],
		},
		],
}



