{
	"starSystem":"parkapec",
	"markets":[
		{
			"entities":["marko"],
			"faction":"hegemony",
			"size":5,
			"startingConditions":[
				"population_5",
				#"pollution",
				"volatiles_trace",
				"water_surface",
				"habitable",
				"hot",
			],
			"industries":[
				"population",
				"megaport",
				"aquaculture",
				"heavybatteries",
				"militarybase",
			],
		},
		{
			"entities":["new_bebop", "grozel_station"],
			"faction":"luddic_church",
			"size":4,
			"freePort":false,
			"startingConditions":[
				"population_4",
				"luddic_majority",
				"rare_ore_moderate",
				"ore_moderate",
				"organics_trace",
				"extreme_weather",
				"dense_atmosphere",
				"very_hot",
			],
			"industries":[
				"population",
				"spaceport",
				"mining",
				"orbitalstation",
				"grounddefenses",
			],
		},
	],
}



