{
	"starSystem":"cappuccino",
	"markets":[
		{
			"entities":["gumbat", "gumball_station"],
			"faction":"tritachyon",
			"size":4,
			"freePort":true,
			"startingConditions":[
				"population_4",
				"ore_moderate",
				"organics_common",
				"dense_atmosphere",
				"tectonic_activity",
			],
			"industries":[
				"population",
				"spaceport",
				"mining",
				"grounddefenses",
				"orbitalstation",
				"patrolhq",
			],
		},
		{
			"entities":["grabuz"],
			"faction":"pirates",
			"size":3,
			"freePort":true,
			"startingConditions":[
				"population_3",
				"volatiles_abundant",
				"poor_light",
				"dense_atmosphere",
				"very_cold",
				"high_gravity",
			],
			"industries":[
				"population",
				"spaceport",
				"mining",
				"heavybatteries",
			],
		},
	],
}