{
	"starSystem":"parkapec",
	"markets":[
		#{
		#	"entities":["marko"],
		#	"faction":"hegemony",
		#	"size":5,
		#	"startingConditions":[
		#		"population_5",
		#		"pollution",
		#		"organics_trace",
		#		"water_surface",
		#		"habitable",
		#		"hot",
		#	],
		#	"industries":[
		#		"population",
		#		"spaceport",
		#		"aquaculture",
		#		"mining",
		#		"heavybatteries",
		#		"militarybase",
		#	],
		#},
		#{
		#	"entities":["new_bebop", "grozel_station"],
		#	"faction":"luddic_church",
		#	"size":4,
		#	"freePort":true,
		#	"startingConditions":[
		#		"population_4",
		#		"luddic_majority",
		#		"ore_sparse",
		#		"organics_abundant",
		#		"extreme_weather",
		#		"dense_atmosphere",
		#		"very_hot",
		#	],
		#	"industries":[
		#		"population",
		#		"megaport",
		#		"mining",
		#		"commerce",
		#		"battlestation_mid",
		#		"grounddefenses",
		#		"patrolhq",
		#	],
		#},
	],
}



