name,secondary,tags,parents,frequency,reusable
Semonia,,planet,Askonia,,
Seia,,planet,Askonia,,
Segetia,,planet,Askonia,,
Tutilna,,planet,Askonia,,
,,,,,
Grodobort,,"planet, moon",Cappuccino,,
Gilgamesh,,"planet, moon",Cappuccino,,
Hyphonitar,,"planet, moon",Cappuccino,,
Sair Preen,,"planet, moon",Cappuccino,,
Price of $parent,,"asteroid_belt, ring, magnetic_field",Cappuccino,,
Spot of Terrace,,"asteroid_belt, ring, magnetic_field",Cappuccino,,
Blackly Reminder,,"asteroid_belt, ring, magnetic_field",Cappuccino,,
,,,,,
Old Vinny,,"planet, moon",Parkapeque,,
Young Xavier,,"planet, moon",Parkapeque,,
Deadly Joseph,,"planet, moon",Parkapeque,,
Angry Ben,,"planet, moon",Parkapeque,,
Furious Jenny,,"planet, moon",Parkapeque,,
Defying Wilhelm,,"planet, moon",Parkapeque,,
New Bebop,,"planet, moon",Parkapeque,,
,,,,,
Moron's Finland,,"planet, moon",Moronia,,
Moron's Sweden,,"planet, moon",Moronia,,
Moron's Iceland,,"planet, moon",Moronia,,
Moron's Switzerland,,"planet, moon",Moronia,,
Moron's Netherlands,,"planet, moon",Moronia,,
Moron's Norway,,"planet, moon",Moronia,,
,,,,,
Etalyx,,"planet, moon",Oppenheimer,,
Boo,,"planet, moon",Oppenheimer,,
Burger Boy,,"planet, moon",Oppenheimer,,
Glue Man,,"planet, moon",Oppenheimer,,
Diablo II Paladin,,"planet, moon",Oppenheimer,,
,,,,,
Caterpillar,,"planet, moon",Bzabzen,,
Cockroach,,"planet, moon",Bzabzen,,
Moth,,"planet, moon",Bzabzen,,
Wasp,,"planet, moon",Bzabzen,,
Rise of End,,"asteroid_belt, ring, magnetic_field",Bzabzen,,
Rise of Negligence,,"asteroid_belt, ring, magnetic_field",Bzabzen,,
,,,,,
Rise of Conclusions,,accretion,Deathcon,,TRUE
,,,,,
Viva La Poro,,"planet, nebula, asteroid_field","Generosity, Obediah, Vobo",,
Viva La Lulu,,"planet, nebula, asteroid_field","Generosity, Obediah, Vobo",,
Viva La Morr,,"planet, nebula, asteroid_field","Generosity, Obediah, Vobo",,
Viva La Tellure,,"planet, nebula, asteroid_field","Generosity, Obediah, Vobo",,
Worthy One,,"planet, nebula, asteroid_field","Generosity, Obediah, Vobo",,
Undying Champion,,"planet, nebula, asteroid_field","Generosity, Obediah, Vobo",,
Concluded One,,"planet, nebula, asteroid_field","Generosity, Obediah, Vobo",,
Subconscious Bias,,"planet, nebula, asteroid_field","Generosity, Obediah, Vobo",,
Bell's Toll,,"asteroid_belt, ring, magnetic_field","Generosity, Obediah, Vobo",,
Odd One's Out,,"asteroid_belt, ring, magnetic_field","Generosity, Obediah, Vobo",,
Banished Children,,"asteroid_belt, ring, magnetic_field","Generosity, Obediah, Vobo",,
$parent's Puss,,"asteroid_belt, ring, magnetic_field","Generosity, Obediah, Vobo",,
$parent's Vomit,,"asteroid_belt, ring, magnetic_field","Generosity, Obediah, Vobo",,
$parent's Neglect,,"asteroid_belt, ring, magnetic_field","Generosity, Obediah, Vobo",,
,,,,,
Horowski,,planet,"Vancouver, Abin Cresc",,
Cygaga,,planet,"Vancouver, Abin Cresc",,
Netolanciaga,,planet,"Vancouver, Abin Cresc",,
Der Wachowskim,,planet,"Vancouver, Abin Cresc",,
The Odd One,,planet,"Vancouver, Abin Cresc",,
Ratdog,,planet,"Vancouver, Abin Cresc",,
Pancake,,planet,"Vancouver, Abin Cresc",,
Thankless,,moon,"Vancouver, Abin Cresc",,
Loveless,,moon,"Vancouver, Abin Cresc",,
Mineless,,moon,"Vancouver, Abin Cresc",,
Tiny Girl,,moon,"Vancouver, Abin Cresc",,
Tiny Man,,moon,"Vancouver, Abin Cresc",,
Tiny Dog,,moon,"Vancouver, Abin Cresc",,
Higher Evil,,"asteroid_belt, ring, magnetic_field","Vancouver, Moronia, Abin Cresc",,
$parent's Banhan,,"asteroid_belt, ring, magnetic_field","Vancouver, Moronia, Abin Cresc",,
$parent's Migrants,,"asteroid_belt, ring, magnetic_field","Vancouver, Moronia, Abin Cresc",,
Stones of Rot,,"asteroid_belt, ring, magnetic_field","Vancouver, Moronia, Abin Cresc",,
$parent's Corpses,,"asteroid_belt, ring, magnetic_field","Vancouver, Moronia, Abin Cresc",,
Obob,,"asteroid_belt, ring, magnetic_field","Vancouver, Moronia, Abin Cresc",,
A Point,,"nebula, asteroid_field","Vancouver, Moronia, Abin Cresc",,
A Probability,,"nebula, asteroid_field","Vancouver, Moronia, Abin Cresc",,
A Devious Thing,,"nebula, asteroid_field","Vancouver, Moronia, Abin Cresc",,
A Solemn Vow,,"nebula, asteroid_field","Vancouver, Moronia, Abin Cresc",,
A Witchful Intent,,"nebula, asteroid_field","Vancouver, Moronia, Abin Cresc",,
A Moronic Display,,"nebula, asteroid_field","Vancouver, Moronia, Abin Cresc",,
A Decrepit Fate,,"nebula, asteroid_field","Vancouver, Moronia, Abin Cresc",,
A 0 Probable,,"nebula, asteroid_field","Vancouver, Moronia, Abin Cresc",,
,,,,,
Empty,,"planet, moon, nebula, asteroid_field",No Bono,,
Dead,,"planet, moon, nebula, asteroid_field",No Bono,,
Corpse,,"planet, moon, nebula, asteroid_field",No Bono,,
Body,,"planet, moon, nebula, asteroid_field",No Bono,,
Chest,,"planet, moon, nebula, asteroid_field",No Bono,,
Vanished,,"planet, moon, nebula, asteroid_field",No Bono,,
$parent's Eternity,,"asteroid_belt, ring, magnetic_field",No Bono,,
$parent's Love,,"asteroid_belt, ring, magnetic_field",No Bono,,
$parent's Majesty,,"asteroid_belt, ring, magnetic_field",No Bono,,
$parent's Appeal,,"asteroid_belt, ring, magnetic_field",No Bono,,
Dance of Romance,,"asteroid_belt, ring, magnetic_field",No Bono,,