{
	"starSystem":"abin_cresc",
	"markets":[
		{
			"entities":["denyza"],
			"faction":"luddic_church",
			"size":6,
			"startingConditions":[
				"luddic_majority",
				"population_6",
				"ruins_widespread",
				"farmland_rich",
				"ore_sparse",
				"alien_life",
				"habitable",
			],
			"industries":[
				"population",
				"megaport",
				"farming",
				"lightindustry",
				"orbitalstation",
				"grounddefenses",
			],
		},
		{
			"entities":["maronia"],
			"faction":"independent",
			"freePort":true,
			"size":5,
			"startingConditions":[
				"population_5",
				"ore_sparse",
				"no_atmosphere",
			],
			"industries":[
				"population",
				"megaport",
				"refining",
				"heavyindustry",
				"battlestation_high",
				"heavybatteries",
				"militarybase",
			],
		},
		],
}



