{
	"starSystem":"bzabzen",
	"markets":[
		{
			"entities":["bourbon"],
			"faction":"persean",
			"size":6,
			"startingConditions":[
				"population_6",
				"farmland_adequate",
				"ore_moderate",
				"organics_common",
				"inimical_biosphere",
				"habitable",
			],
			"industries":[
				"population",
				"megaport",
				"farming",
				"mining",
				"orbitalstation",
				"grounddefenses",
				"patrolhq",
			],
		},
		{
			"entities":["boboon"],
			"faction":"persean",
			"size":4,
			"startingConditions":[
				"population_4",
				"rare_ore_abundant",
				"no_atmosphere",
				"low_gravity",
			],
			"industries":[
				"population",
				"spaceport",
				"mining",
				"commerce",
			],
		},
	],
}



