{
	"starSystem":"morokoon",
	"markets":[
		{
			"entities":["yendore"],
			"faction":"persean",
			"size":7,
			"startingConditions":[
				"population_7",
				"rare_ore_abundant",
				"ore_moderate",
				"organics_abundant",
				"hot",
				"habitable",
			],
			"industries":[
				"population",
				["megaport", "fullerene_spool"],
				"waystation",
				"mining",
				"lightindustry",
				"commerce",
				"battlestation",
				"heavybatteries",
				"militarybase",
			],
		},
		{
			"entities":["arbakan"],
			"faction":"independent",
			"size":5,
			"freePort":true,
			"startingConditions":[
				"population_5",
				"organics_common",
				"tectonic_activity",
				"cold",
				"high_gravity",
			],
			"industries":[
				"population",
				"megaport",
				"mining",
				"lightindustry",
				"grounddefenses",
				"patrolhq",
			],
		},
	],
}



