{
	"starSystem":"no_bono",
	"markets":[
		{
			"entities":["planet_null"],
			"faction":"persean",
			"size":5,
			"startingConditions":[
				"population_5",
				"ruins_extensive",
				"ore_moderate",
				"volatiles_trace",
				"cold",
				"habitable",
			],
			"industries":[
				"population",
				"megaport",
				"techmining",
				"commerce",
				"grounddefenses",
				"orbitalstation",
			],
		},
		{
			"entities":["fameless"],
			"faction":"sindrian_diktat",
			"size":4,
			"startingConditions":[
				"population_4",
				"farmland_poor",
				"ore_sparse",
				"volatiles_trace",
				"organics_abundant",
				"poor_light",
				"dense_atmosphere",
				"very_cold",
				"low_gravity",
			],
			"industries":[
				["population", "orbital_fusion_lamp"],
				"megaport",
				"farming",
				"mining",
				"battlestation_high",
				"heavybatteries",
				"patrolhq",
			],
		},
	],
}