{
	"starSystem":"abin_cresc",
	"markets":[
		{
			"entities":["denyza"],
			"faction":"luddic_church",
			"size":5,
			"startingConditions":[
				"luddic_majority",
				"population_5",
				"ore_rich",
				"volatiles_trace",
				"thin_atmosphere",
				"high_gravity",
				#"habitable",
			],
			"industries":[
				"population",
				"megaport",
				#"mining",
				"lightindustry",
				"commerce",
				"grounddefenses",
			],
		},
		{
			"entities":["maronia"],
			"faction":"independent",
			"freePort":false,
			"size":4,
			"startingConditions":[
				"population_4",
				"ruins_scattered",
				"ore_moderate",
				"no_atmosphere",
				"low_gravity",
			],
			"industries":[
				"population",
				"spaceport",
				"commerce",
				"battlestation_high",
				"heavybatteries",
				"militarybase",
			],
		},
		],
}



