{
	"starSystem":"no_bono",
	"markets":[
		#{
		#	"entities":["planet_null"],
		#	"faction":"persean",
		#	"size":5,
		#	"startingConditions":[
		#		"population_5",
		#		"farmland_poor",
		#		"ore_moderate",
		#		"hot",
		#		"habitable",
		#	],
		#	"industries":[
		#		"population",
		#		"spaceport",
		#		"farming",
		#		"commerce",
		#	],
		#},
		{
			"entities":["fameless"],
			"faction":"sindrian_diktat",
			"size":4,
			"freePort":true,
			"startingConditions":[
				"population_4",
				"rare_ore_sparse",
				"ore_sparse",
				"organics_common",
				"poor_light",
				"dense_atmosphere",
				"very_cold",
				"low_gravity",
			],
			"industries":[
				"population",
				"megaport",
				"mining",
				"lightindustry",
				"grounddefenses",
				"patrolhq",
			],
		},
	],
}