{
	"starSystem":"abin_cresc",
	"markets":[
		{
			"entities":["denyza"],
			"faction":"luddic_church",
			"size":4,
			"startingConditions":[
				"luddic_majority",
				"population_4",
				"ore_rich",
				"volatiles_trace",
				"thin_atmosphere",
				"high_gravity",
				#"habitable",
			],
			"industries":[
				"population",
				"spaceport",
				"lightindustry",
				"commerce",
				#"orbitalstation",
				"grounddefenses",
			],
		},
		{
			"entities":["maronia"],
			"faction":"independent",
			"freePort":false,
			"size":3,
			"startingConditions":[
				"decivilized_subpop",
				"population_3",
				"ruins_extensive",
				"ore_moderate",
				"no_atmosphere",
				"low_gravity",
			],
			"industries":[
				"population",
				"spaceport",
				"commerce",
				"heavybatteries",
				"patrolhq",
			],
		},
		],
}



