{
	"starSystem":"syzygy",
	"markets":[
		{
			"entities":["gagner"],
			"faction":"luddic_church",
			"size":4,
			"startingConditions":[
				"luddic_majority",
				"population_4",
				"ruins_widespread",
				"rare_ore_abundant",
				"ore_abundant",
				"thin_atmosphere",
				"cold",
			],
			"industries":[
				"population",
				"megaport",
				"mining",
				"refining",
				"heavybatteries",
				"patrolhq",
			],
		},
		{
			"entities":["memory"],
			"faction":"tritachyon",
			"size":3,
			"freePort":true,
			"startingConditions":[
				"population_3",
				"volatiles_diffuse",
				"organics_common",
				"extreme_weather",
				"tectonic_activity",
				"cold",
				"low_gravity",
			],
			"industries":[
				"population",
				"spaceport",
				"orbitalstation_high",
				"heavybatteries",
				"militarybase",
			],
		},
	],
}