{
	"water_giant":{
		"name":"Water Giant",
		"tilt":20,
		"pitch":2,
		"rotation":-10,
		"planetColor":[57,100,170,255],
		"atmosphereThickness":0.2,
		"atmosphereThicknessMin":62,
		"atmosphereColor":[12,255,245,130],
		"texture":"graphics/planets/volturn.jpg",
		"icon":"graphics/warroom/icon_planet.png",
		"iconColor":[12,255,245,255],
		"isStar":false,
		"isGasGiant":true,
		"lightPosition":[0,0,10], # in planet radii.  Not used for stars.  z > 0 is above the playing field.
		#"cloudTexture":"graphics/planets/clouds_terran01.png", # omit for no cloud layer
		#"cloudColor":[13,110,255,200],
		#"cloudRotation":-6, # degrees/second, optional
	},
	"fire_giant":{
		"name":"Fire Giant",
		"tilt":-10,
		"pitch":-15,
		"rotation":-13,
		"planetColor":[117,0,98,255],
		"atmosphereThickness":0.2,
		"atmosphereThicknessMin":62,
		"atmosphereColor":[202,67,180,255],
		"texture":"graphics/planets/gas_giant.jpg",
		"icon":"graphics/warroom/icon_planet.png",
		"iconColor":[202,67,180,255],
		"isStar":false,
		"isGasGiant":true,
		"lightPosition":[5,-2,3],
		"cloudTexture":"graphics/planets/clouds_banded01.png",
		#"cloudColor":[202,67,180,50],
		"cloudColor":[0,0,0,255],
		"cloudRotation":-15,
	},
	"desert_cold":{
		"name":"Desert",
		"tilt":8,
		"pitch":2,
		"rotation":-5,
		"planetColor":[255,255,255,255],
		"atmosphereThickness":0.2,
		"atmosphereThicknessMin":10,
		"atmosphereColor":[255,255,255,200],
		"texture":"graphics/planets/desert_cold.jpg",
		"icon":"graphics/warroom/icon_planet.png",
		"iconColor":[200,170,145,255],
		"isStar":false,
		"lightPosition":[-10,-10,1],
		"cloudTexture":"graphics/planets/clouds_banded01.png",
		"cloudColor":[255,255,255,255],
		"cloudRotation":-3,
	},
	
	"star_blue_giant":{
		"name":"Blue Giant",
		"tilt":4,
		"pitch":-16,
		"rotation":30.5,
		"planetColor":[42,93,115,255],
		"atmosphereThickness":0.2,
		"atmosphereThicknessMin":10,
		"atmosphereColor":[225,237,242,255],
		"texture":"graphics/planets/star_blue.jpg",
		"icon":"graphics/warroom/icon_star.png",
		"iconColor":[127,190,255,255],
		"starCoronaSprite":"graphics/fx/star_halo.png",
		"starCoronaColor":[225,237,242,100],
		"starCoronaSizeMult":5.12,
		"isStar":true,
		"lightPosition":[0,0,10],
		"cloudTexture":"graphics/planets/clouds_banded01.png",
		"cloudColor":[225,237,242,255],
		"cloudRotation":33,
	},
	"star_blue_supergiant":{
		"name":"Blue Supergiant",
		"tilt":4,
		"pitch":-16,
		"rotation":30.5,
		"planetColor":[42,93,115,255],
		"atmosphereThickness":0.2,
		"atmosphereThicknessMin":10,
		"atmosphereColor":[225,237,242,255],
		"texture":"graphics/planets/star_blue.jpg",
		"icon":"graphics/warroom/icon_star.png",
		"iconColor":[127,190,255,255],
		"starCoronaSprite":"graphics/fx/star_halo.png",
		"starCoronaColor":[225,237,242,100],
		"starCoronaSizeMult":5.12,
		"isStar":true,
		"lightPosition":[0,0,10],
		"cloudTexture":"graphics/planets/clouds_banded01.png",
		"cloudColor":[225,237,242,255],
		"cloudRotation":66,
	},
},