{
		"water_giant":{
		"name":"Water Giant",
		"tilt":20,
		"pitch":2,
		"rotation":-10,
		"planetColor":[57,100,170,255],
		"atmosphereThickness":0.2,
		"atmosphereThicknessMin":62,
		"atmosphereColor":[12,255,245,200],
		"texture":"graphics/planets/volturn.jpg",
		"icon":"graphics/warroom/icon_planet.png",
		"iconColor":[12,255,245,255],
		"isStar":false,
		"isGasGiant":true,
		"lightPosition":[0,0,10], # in planet radii.  Not used for stars.  z > 0 is above the playing field.
		#"cloudTexture":"graphics/planets/clouds_terran01.png", # omit for no cloud layer
		#"cloudColor":[13,110,255,255],
		#"cloudRotation":-6, # degrees/second, optional
	},
	"fire_giant":{
		"name":"Fire Giant",
		"tilt":-10,
		"pitch":-15,
		"rotation":-13,
		"planetColor":[117,0,98,255],
		"atmosphereThickness":0.2,
		"atmosphereThicknessMin":62,
		"atmosphereColor":[202,67,180,255],
		"texture":"graphics/planets/gas_giant.jpg",
		"icon":"graphics/warroom/icon_planet.png",
		"iconColor":[202,67,180,255],
		"isStar":false,
		"isGasGiant":true,
		"lightPosition":[5,-2,3],
		"cloudTexture":"graphics/planets/clouds_banded01.png",
		#"cloudColor":[202,67,180,50],
		"cloudColor":[0,0,0,255],
		"cloudRotation":-15,
	},
},