id,type,text1,text2,text3,text4,notes
planet_marko,CUSTOM,Hegemony military colony that served once as a penal outpost for the Domain. The entire idea collapsed during the Collapse. And both security forces present there and the political dissidents put to work there joined forces to survive. They did so long enough until the arrival of the XIV Battlegroup. With most of them annihilated during the AI Wars.,,Marko was a colony of mediocrity and death being engraved into the planet's history. An eternal victim of the past. The colony was economically stagnant due to concentration of resources of rebuilding military infrastructure first and foremost. Whoever has the resources leaves this planet behind. With apparently the most attractive target being Eochu Bres or Ragnar Complex.,,
planet_kathryn,CUSTOM,"Outpost settled by Hegemony, colony built on the fringes of tactical irreverence. Null zero. Pointer exception. Consolidate with central governance. Error. Targeteer. Null pointer.",,An ominous force invisibly pushes you backwards. An ominous force invisibly pushes you backwards. An ominous force invisibly pushes you backwards. An ominous force invisibly pushes you backwards. An ominous force invisibly pushes you backwards. An ominous force invisibly pushes you backwards. An ominous force invisibly pushes you backwards. An ominous force invisibly pushes you backwards. An ominous force invisibly pushes you backwards. An ominous force invisibly pushes you backwards.,,
,,,,,,
planet_gagner,CUSTOM,"Gagner was a far away colony, being a secondary canditate for terraforming. The brown dwarf it orbits promised long years of minuscule radiation, some energy to be harvested and a decent object of scientific inquiry. The group that was intended to take care of this however was completely decimated by a bunch of raiders long before the Collapse occurred. And the corporation that sent them never bothered deploying a second wave.",,"The inhabitants of Gagner were settlers meant to prepare for the eventual arrival of the scientific inquiry group meant to initiate and conclude the terraforming process. After the major interruption in their plans. They were given orders to simply harvest the planet's resources. Eventually out of boredom they joined the Luddic Church, either indoctrinated or willingly interested and invited into their beliefs.",,
planet_denyza,CUSTOM,Built on the corpses of abandoned corporate predecessors. Denyza grew to be wildlands of wacky ideas and empty fields. Eventually assimilated into the Luddic Church doctrine. The locals are known to be quite unknown and ignorant of the affairs that take place around the Persean Sector.,,The bitter fields of low atmospheric pressure are sometimes covered by greenish-purple flowers made of materials assembled by native organisms which have not been wiped out due to lacklustre presence on the planet.,,
planet_maronia,CUSTOM,The planet of Maronia was intended to become an important location of industry far far further into the history of the Persean Sector with this plan being obviously interrupted by the Collapse.,,The planet stuck in the Lagrange point of Denyza's gravitational field possessed a sizeable population of corporate descendants who have evacuated to this location after a bitter plague began to wipe out Denyza. The vacuum atmosphere present here made quick work of the thing. Though it didn't go with an occasional devastation occurring here and there. Leaving empty habitats for scavengers to pillage.,,
planet_gangregis_khan,CUSTOM,"The fire giant with its presence projected itself onto the surface of Denyza and Maronia, granting shade in a time of need or in moments when light was most needed. Completely irreverent to the issues of mankind dwelling out there. Forgotten.",,,,
planet_vaanita,CUSTOM,Vaanita was built by some rich mathematician who has spent their entire life devising theories for theories' sake. Eventually annoying the Luddic Church enough with their opinions to the point of them ordering to bring back his head on a plate. He ran away here and settled a planet along his friends. Eventually forming a small but feasible colony at the edge of the Core Worlds.,,The domes of the barren world observed the sky with intimidating presence. Forever expecting the return of the evil force that caused them to be built here in the first place.,,
,,,,,,
planet_gumbat,CUSTOM,Gumbat was established as a major population centre which eventually went bankrupt. The whole government was pretty much bought out along with all its assets by the Tri-Tachyon corporation. Forming a sort of indentured servant state that eventually rebelled against this state and struck a more positive for themselves deal with the management operating in Hybrasil.,,"The cities that floated in the sky were well-maintained. Having a sort of strange aesthetic beauty to them, very much reminiscent, supposedly, to the cities of old Earth. Specifically Venice. But you wouldn't know. You were never there.",,
gumball_station,CUSTOM,Robyn Station was built after a major pirate attack devastated local businesses and even led to a visible chunk of the population being taken away for reasons unknown. The pirate group responsible for said attack was never found or even identified. Assuming that they worked for some rogue force beyond the Persean Sector by the most imaginative.,,"Robyn Station was almost entirely utilitarian. Armed to the teeth and hosting vast shipyards. Unlike typical Tri-Tachyon designs, you only saw four restaurants and clubs. ",,
planet_grabuz,CUSTOM,Not much is known about Grabuz and its society except the fact that they're pirate. Whoever funds them or who they were before the Collapse is entirely forgotten. Tales tell of a world that was intended to study some vivid phenomena. And remained there at that cold giant forever alone. Abandoned. An occasional group from the other side arrives to those odd.,,A dark station glitters in the invisible sun shining in infrared. An eternal darkness surrounding you as you descend lower and lower with a shuttle to the clouds of ice forming patterns adorable.,,
,,,,,,
planet_bourbon,CUSTOM,Bourbon was a horrifically occurring terran world. Not really so. The entire biome was just empty. Completely dead. As if whatever thing was introduced here became rotten from the core and vanished. Leaving behind empty plains of nothing. A seed ship never reached this place. It was never found.,,"Morally the locals never felt guilty about the fact that they were introducing terran analogues into the biosphere. They have thoroughly catalogued and investigated whatever in the past was that which was here. But the decay of the nature of whatever it was is so contrived and mystifying, that they will most likely never know. The biome here was active probably fifty to five hundred million years ago. With there simply being nothing to eat away the corpses of greenery. Which should be called purplery in fact due to its predicted colour.",,
planet_boboon,CUSTOM,Boboon's gravitational pull creates interesting tides that swallow entire continents whole. This was most likely what was responsible for the creation of life on this planet in the first place. This giver of life. A father to a whole separate craft of life came to be the witness staring with eyes empty at a world coming to be silent. And now devoured by interlopers.,,,,
station_onion_ring,CUSTOM,Derakh was established by unknown pilgrims at an unknown time. It was found abandoned already with nothing to point to who owned it. The name itself was simply made up as the station's true name was never found. It existed here simply as a place that could have been visited. But no one ever visited it. And then it vanished. When that story occurred isn't known specifically cause all the sources refused to precisely specify as a sign of loyalty to whatever blade of grass they were loyal to.,,,,
,,,,,,
planet_yendore,CUSTOM,"Yendore was a massive population centre built in the deeper parts of the Persean Sector. Slightly deeper. It was meant to be an important member of a route leading somewhere or elsewhere. This has given it resources and population to survive past the Collapse. And with the time given and funds granted by the Persean League, it kept crawling forward. Growing here and there.",,"The political system of Yendore is ironically enough wholly democratic. Changing presidents every ten to twenty years depending on the economy. As right now in charge is a transexual woman wearing white, pretending to be a character from a video game about souls or something.",,
planet_arbakan,CUSTOM,Arbakan was once an important colony present within the Morokoon system that was wiped out during a certain military activity devised by its neighbour colony.,,,,
planet_null,CUSTOM,"Null was established as an industrial candidate for colonization, but a sudden rapid volcanic activity that has led to complete destruction of a fairly terran compatible biosphere has thrown a wrench in those plans.",,,,
planet_fameless,CUSTOM,Fameless was a failing colony that struggled ever since before the Collapse even. Its intent was to investigate whether it was possible to farm crops in a harsh carbohydrate environment of extremely low temperatures. It received very little funds due to there being worries in the Domain that such inventions might make it easier to secede. It lived long enough to be first bought out by one forgotten corporation. Until pledging itself to Sindrian Diktat.,,"The black structures that tried to blend in with the seas surrounding them were immense and aesthetically beautiful. Reminiscent of ancient Rome that you have seen on paintings and recreated via computer effects, except painted black like the eye of a rat staring at you from a Chicomoztoc alley.",,
